Nume Mâner,Finisaje,Preț Mâner,Preț OB,Preț PZ,Preț WC
7SWC,1 cod: |,270.3,297.33,359.76,179.54
7SWC,"SHOVALPRO8MM | 61,10",67.23,73.95,45.84,64.91
7SWC,"SHOVALPRO8MM | 61,10",67.23,73.95,51.55,64.91
7SWC,"î 111,70 145,19",122.85,111.7,145.19,122.85
A5Q5SWC,"129,81 I",148.68,136.3,142.78,148.68
ASQ5S OB,"8819 105,84 ASQ7S 0B",70.91,85.1,77.01,84.03
ASQ5S PZ,,92.6,97.01,105.84,70.03
ASQ5S PZ,"8819 105,84 I ASQ7S PZ",70.91,85.1,71.01,84.03
ASQ5S PZ,ll: - IR,196.24,309.95,371.96,345.29
ASQ5S WC,"129,81",148.68,116.51,126.51,132.28
ASQ5S WC,"| 215,74 237,29",258.88,226.53,312.08,374.5
ASQ5S0B,"] 88,19",105.84,92.6,97.01,105.84
ASQR7S WC,1,146.81,138.89,146.81,138.89
ASQR7S WC,7 ASQRTSPZ |,89.36,88.24,78.01,93.61
ASQR7S WC,ASQRTSOB ţ,89.36,88.24,78.01,93.61
ASQRTS WC,,146.81,138.89,128.18,146.81
ASQRTS WC,E 678 | 50013 46430 |,464.3,411.99,458.51,458.51
ASQRTTSPZ,"7801 } 93,61 |",85.83,93.6,78.01,93.61
ASR17S PZ,"79,03 ] 72,44 ! 79.03 | ATR7SPZ j",65.01,71.51,78.01,65.01
ASR17S PZ,f ATR7SWC I;,111.7,122.85,118.84,136.11
ASR17S PZ,j u ATRTSPZ,65.01,71.51,71.5,93.0
ASR17S PZ,"| 221,88",244.06,178.23,196.05,213.88
ASR17SPZ,"65,85 [ 79,03",72.44,79.03,79.03,86.93
ASR7S OB,"ţ 79,03 72,44 ' 79,03 I AT R 7S OB I",65.01,71.51,78.01,65.01
ASR7S WC,"129,59",124.46,129.59,118.84,136.11
ASR7S WC,ATR7SPZ,65.01,71.51,79.03,79.03
ASR7S WC,"ATR7SWC 111,70",122.85,113.13,129.59,129.59
ASR7S WC,"I ATR7S0B 65,01",71.51,65.85,79.03,79.03
ASRTS OB,"65,85",79.03,72.44,79.03,86.93
ASRTSPZ,6585,79.03,72.44,65.85,79.03
ASRTSPZ,TT | 6601 I,71.51,78.01,65.01,71.5
ASRTTS WC,"1 128,18 Î 146,81 ! 141,00",146.81,128.18,141.0,146.81
ASRTTSOB,T8.01 |,93.61,85.83,93.61,78.01
ATQ7SO0B,"s 70,03 77,01",84.03,70.03,70.91,85.1
ATQ7SPZ,"70,03 71,01",84.03,70.03,70.91,85.1
ATQ7SWC,"/ 359,99",431.96,297.63,327.39,327.39
ATQ7SWC,"115,03 126,53",132.28,115.03,116.51,133.45
ATQTSWC,,15.03,116.51,133.45,132.28
ATQTSWC,"AS Q7SOB | O,St 70,91",70.91,92.6,97.01,105.84
ATQTSWC,"AS Q7SWC | 11651 116,51",116.51,136.3,142.78,148.68
ATR7S WC,"111,70",122.85,128.44,111.7,129.59
ATR7S WC,AS R 5S OB,77.5,93.0,84.53,71.5
ATR7S WC,"|273,95 |277,41 |",328.74,305.16,128.78,167.41
ATR7S WC,î,218.61,284.21,240.48,128.78
ATR7SOB,,65.01,71.51,65.01,78.01
ATR7SOB,,198.56,218.44,208.49,902.96
ATR7SOB,"ATR7SOB 6501 / 71,51",78.01,65.01,65.85,79.03
ATR7SOB,"ATR7SWC |111,70 |",122.85,111.7,122.85,128.44
ATR7SOB,"ATRTSPZ / 65,01 |",71.51,65.01,71.51,78.01
ATR7SPZ,", 65,01 | 71,51",78.01,65.01,77.5,93.0
ATR7SPZ,/,260.9,313.1,290.65,290.65
ATR7SPZ,; ATR7S WC,111.7,122.85,128.44,111.7
ATRTSOB,"; 65,01",71.51,78.01,65.01,79.03
ATRTSPZ I,"65,01 71,51",78.01,65.01,65.85,79.03
Q5S PZ,"/ 88,19",105.84,92.6,97.01,105.84
STQ750B,,70.03,91.03,71.01,70.03
STQ750B,,411.33,377.38,448.73,411.68
STQ750B,- |,70.08,91.03,77.01,70.03
STQ750B,AS QR 7S OB,89.36,88.24,89.36,88.24
STQ750B,AS QR 7S PZ î,89.36,88.24,89.36,88.24
STQ750B,Î0 1S Wwc i,115.03,149.53,126.51,115.03
STQ7S OB,,70.03,91.03,71.01,70.03
STQ7S OB,,70.03,77.01,91.03,77.01
STQ7S WC,"115,03 149,53",126.51,115.03,149.53,126.51
STQ7SPZ,"70,03",77.01,70.03,91.03,77.01
STR7S0B,"6501 | 84,53",71.5,65.01,84.53,71.5
STR7SPZ T},,65.01,84.53,71.5,65.01
